{
  "faculty": {
    "precision": 1.0,
    "recall": 0.7,
    "f1-score": 0.8235294117647058,
    "support": 20
  },
  "point": {
    "precision": 1.0,
    "recall": 0.5555555555555556,
    "f1-score": 0.7142857142857143,
    "support": 18
  },
  "school": {
    "precision": 0.8620689655172413,
    "recall": 1.0,
    "f1-score": 0.9259259259259259,
    "support": 75
  },
  "micro avg": {
    "precision": 0.8918918918918919,
    "recall": 0.8761061946902655,
    "f1-score": 0.8839285714285714,
    "support": 113
  },
  "macro avg": {
    "precision": 0.9540229885057471,
    "recall": 0.7518518518518519,
    "f1-score": 0.8212470173254487,
    "support": 113
  },
  "weighted avg": {
    "precision": 0.9084528532194079,
    "recall": 0.8761061946902655,
    "f1-score": 0.8740900489989506,
    "support": 113
  }
}