{
  "school": {
    "precision": 0.8620689655172413,
    "recall": 1.0,
    "f1-score": 0.9259259259259259,
    "support": 75
  },
  "faculty": {
    "precision": 1.0,
    "recall": 0.7,
    "f1-score": 0.8235294117647058,
    "support": 20
  },
  "point": {
    "precision": 0.8823529411764706,
    "recall": 0.8333333333333334,
    "f1-score": 0.8571428571428571,
    "support": 18
  },
  "micro avg": {
    "precision": 0.8813559322033898,
    "recall": 0.9203539823008849,
    "f1-score": 0.9004329004329005,
    "support": 113
  },
  "macro avg": {
    "precision": 0.9148073022312374,
    "recall": 0.8444444444444444,
    "f1-score": 0.8688660649444963,
    "support": 113
  },
  "weighted avg": {
    "precision": 0.8897126137607927,
    "recall": 0.9203539823008849,
    "f1-score": 0.8968460540558406,
    "support": 113
  }
}