{
  "ask_point": {
    "precision": 1.0,
    "recall": 1.0,
    "f1-score": 1.0,
    "support": 12,
    "confused_with": {}
  },
  "end_conversation": {
    "precision": 1.0,
    "recall": 1.0,
    "f1-score": 1.0,
    "support": 53,
    "confused_with": {}
  },
  "ask_falculty": {
    "precision": 0.0,
    "recall": 0.0,
    "f1-score": 0.0,
    "support": 2,
    "confused_with": {
      "ask_faculty": 2
    }
  },
  "ask_information": {
    "precision": 1.0,
    "recall": 0.9791666666666666,
    "f1-score": 0.9894736842105264,
    "support": 96,
    "confused_with": {
      "ask_faculty": 2
    }
  },
  "greeting": {
    "precision": 1.0,
    "recall": 1.0,
    "f1-score": 1.0,
    "support": 35,
    "confused_with": {}
  },
  "ask_faculty": {
    "precision": 0.6,
    "recall": 1.0,
    "f1-score": 0.7499999999999999,
    "support": 6,
    "confused_with": {}
  },
  "accuracy": 0.9803921568627451,
  "macro avg": {
    "precision": 0.7666666666666666,
    "recall": 0.829861111111111,
    "f1-score": 0.7899122807017543,
    "support": 204
  },
  "weighted avg": {
    "precision": 0.9784313725490196,
    "recall": 0.9803921568627451,
    "f1-score": 0.977889576883385,
    "support": 204
  }
}